"First Name ","Last Name ","Title ","Source ","Industry ","Opportunity Amount ","Website ","Address Street ","Address City ","Address Country ","Address Postal Code ","Do Not Call ","Description ","Account Name ","Opportunity Amount Currency ","Amount Rs In Crore ","Contactperson ","Lead Type ","Present Banker ","Reference ","Sourcename ","Amount Rs In Crore Currency ","Stream ",Email,Phone
Anjali,Yadav,Testing,Call,,,www.facebook.com,,Pune,India,,0,"Lead Testing.............................",,,,,"Hot Lead",,,,,0,yadavanjali@gmail.com,8830241859
Supriya,Yadav,Testing,"Web Site",,,www.gmail.com,Mumbai,Mumbai,India,413709,0,"Lead Testing",,,,,"Hot Lead",,,,,Hey...............,Priya@gmail.com,8830241859
Vrushali,Mande,,"Public Relations",Banking,500,www.gmail.com,Pune,,India,444444,0,,"vrushali mande",INR,,,"Hot Lead",,,,,"Testing Demo",vrushali@gmail.com,8857928495
Vaishali,Yadav,"Create Lead ",Call,Software,1000,,Shrirampur,,India,413709,0,Testing,,INR,,,"Cold Lead",,,,,,vaishali@gmail.com,8830241858
Divya,Gundeja,"Create Lead","Existing Customer","Electric Power",50,,Shrirampur,,India,444444,0,Testing,,INR,,,"Hot Lead",,,,,,divya@gmail.com,8830241867
Disha,Yadav,"Disha Academy",Call,Defense,700,www.google.com,Shrirampur,Shrirampur,India,55555555,0,Heyyyyyyyyyyyyyyyyyyyyyyyyyyyyy,"Disha yadav",INR,,,"Hot Lead",,,,,"Hello Disha",disha@gmail.com,77777777777777
,Lutra,Description,Call,Electronics,10,www.google.com,Shrirampur,Shrirampur,India,222222,0,Electronics,ABCD,INR,,,"Hot Lead",,,,,0,abcd@gmail.com,1122334455
,Lutra,Description,Call,Electronics,10,www.google.com,Shrirampur,Shrirampur,India,222222,0,Electronics,ABCD,INR,,,"Hot Lead",,,,,0,lutra@gmail.com,1122334455
,AAAAA,,Call,,,,,,,,0,,,,,,"Hot Lead",,,,,,,
Rajesh,Polshetwar,,Call,,,,,,,,0,,,,,,"Hot Lead",,,,,,rajeshwarpolshetwar@gmail.com,7767023021
GCGC,CGHG,FGFDF,Campaign,Creative,1000000,,"FCGF GFHGFG NHGJ",NBVV,INDIA,999999,0,NVHGF,"HGFG JHGJHG",INR,,,"Cold Lead",,,,,,FGD@HJH.COM,9999999999
cgf,bgchgg,bvcgff,Campaign,Creative,345678,fcgfdjhhhbbb,vhgfgf,nbv,gvfdf,bhjhj,0,"ghhgv cgdtrdg","gcgff gfg fft",INR,,,"Hot Lead",,,,,,vgfddytvj@gmil.com,88889966667
gcgc,fgggkj,"bvgtt ygyu",Call,"Building Materials & Equipment",569087,dffftyt,vcfcfchgc,bhjgjhb,ftftf,bhjbh,0,"vggg gg gygy","gfgf bvgvg",INR,,,"Hot Lead",,,,,,cfgdfdg@gmail.com,786766678677
rahul,rai,dchdshcc,"Existing Customer",Culture,58990,dhgvvd,dcbdc,dcjd,asda,asd,0,dfdc,"dealer ",INR,,,"Dead Lead",,,,,,chgsvgcs@gmail.com,89898989
Demo,,"Sales Person",Call,,100000,fincrm.net,Balewadi,Bombay,India,,0,,"Mayank Agarwal",INR,,,"Hot Lead",,,,,,mayank@fincrm.net,9962646830
ramesh,kumar,v.p,Partner,Chemical,10000,,"ddfdf dfdf hjh",hghhjkh,jjhhk,898989,0,"talking to decision maker ","ramesh kumar ",INR,,,"Hot Lead",,,,,,vgg@gmail.com,8899778899
CHETAN,CHITTE,Test,Email,Defense,534345,,"Xyz, wall street",Pune,IN,422010,0,"sdfghnm,",FinCRM,INR,,,"Hot Lead",,,,,,xyz@fincrm.com,9834269263
