Company,Industry,State,City,Credit Rating Agency,Rating,RatingOutlook,RatingType,Size rated (Rs. crore),Date of last rating action
Acrux Realcon Private Limited,Construction - Real Estate,Orissa,Khorda,Acuite (SMERA),B+  ,Stable,Unaccepted,30,18-Dec-20
SHREEDHAM CONSTRUCTIONS PRIVATE LIMITED,Engineering - Industrial Equipments,Maharashtra,Mumbai,Brickwork,BB-  ,,Unaccepted,15,17-Dec-20
Debjyoti Pulp and Paper Private Limited,Paper & Paper Products,West Bengal,Asansol,CRISIL,B+ /A4  ,Stable,Unaccepted,14.9,15-Dec-20
Wellness Forever Medicare Private Limited,Pharmaceuticals & Drugs,Maharashtra,Mumbai,CRISIL,BBB+  ,Stable,Unaccepted,15,15-Dec-20
NSL CONSTRUCTIONS PRIVATE LIMITED,Engineering - Construction,Karnataka,Bengaluru,ICRA,BB+  ,Stable,Unaccepted,46,15-Dec-20
NSURE RELIABLE POWER SOLUTIONS PRIVATE LIMITED,Miscellaneous,Karnataka,Bengaluru,Brickwork,BB /A4  ,,Unaccepted,20,14-Dec-20
LSK PROJECTS PRIVATE LIMITED,Engineering - Construction,Karnataka,Bengaluru,CRISIL,B+ /A4  ,Stable,Unaccepted,25,14-Dec-20
Mahalakshmi Cotton Mill,Textile,-, - ,CRISIL,B+  ,Stable,Unaccepted,12,14-Dec-20
PANCHANAN INTERNATIONAL PRIVATE LIMITED,Textile,-, - ,Acuite (SMERA),BB /A4+  ,Stable,Unaccepted,15,12-Dec-20
S. M. Interior Private Limited,Construction - Real Estate,West Bengal,Kolkata,Acuite (SMERA),BB- /A4+  ,Stable,Unaccepted,49.9,12-Dec-20
GAURIK LIFESTYLE PRIVATE LIMITED,Trading,Karnataka,Bengaluru,CARE,B  ,Stable,Unaccepted,10,12-Dec-20
Shyam Enterprises,Consumer Food,-, - ,CARE,BB- /A4  ,Stable,Unaccepted,17.5,11-Dec-20
Quippo Oil & Gas Infrastructure Limited,Engineering - Industrial Equipments,West Bengal,Kolkata,CRISIL,BB /A4+  ,Stable,Unaccepted,90,11-Dec-20
Palogix Infrastructure Private Limited,Trading,West Bengal,Kolkata,ICRA,BB+(CE)  ,Stable,Unaccepted,55,11-Dec-20
RR Constructions and Infrastructure India Private Limited,Engineering - Construction,Tamil Nadu,Saligramam,ICRA,BB+ /A4+  ,Stable,Unaccepted,15,11-Dec-20
Herbochem Industries,Chemicals,-, - ,Brickwork,BBB /A3+  ,,Unaccepted,117.13,10-Dec-20
DIVYASREE INFRASTRUCTURE DEVELOPERS PRIVATE LIMITED,Construction - Real Estate,Karnataka,Bengaluru,ICRA,BBB-  ,Stable,Unaccepted,128,10-Dec-20
NAQ FOODS INDIA PRIVATE LIMITED,Consumer Food,Telangana,Hyderabad,India Ratings,BB- /A4+  ,Stable,Unaccepted,17,09-Dec-20
Celkon Impex private Limited,IT - Hardware,Telangana,Hyderabad,Brickwork,A4  ,,Unaccepted,25,08-Dec-20
G. S. Cotton Company - Jalgaon,Textile,Maharashtra,Jalgaon,CRISIL,B+  ,Stable,Unaccepted,5,08-Dec-20
Raunaq Construction,Engineering - Construction,Delhi,New Delhi,CRISIL,B /A4  ,Stable,Unaccepted,22,08-Dec-20
GUNBHARIT AGRO EXPORTS AND IMPORTS PRIVATE LIMITED,Diversified,Maharashtra,Pune,India Ratings,B-  ,Stable,Unaccepted,20,08-Dec-20
BMW Industries Limited,Diversified,West Bengal,Kolkata,Acuite (SMERA),A-  ,Stable,Unaccepted,20,07-Dec-20
IDF Financial Services Private Limited,Finance - NBFC,Karnataka,Bengaluru,Acuite (SMERA),BBB-  ,Stable,Unaccepted,10,07-Dec-20
GRACE DRINKS PRIVATE LIMITED,Miscellaneous,Chandigarh,Chandigarh,Brickwork,B+  ,,Unaccepted,5.33,07-Dec-20
Bhima and Brother Bullion Private Limited,Diamond  &  Jewellery,Kerala,Alappuzha,CRISIL,BBB  ,Stable,Unaccepted,132,07-Dec-20
RMM AGRO EXPORTS PRIVATE LIMITED,Agriculture,Madhya Pradesh,Hoshangabad,CRISIL,BB-  ,Stable,Unaccepted,30.5,07-Dec-20
APPL Industries Limited,Plastic Products,Delhi,New Delhi,CARE,BBB-  ,Negative,Unaccepted,25,06-Dec-20
LANDMARK MOTELS AND TRAVELS PRIVATE LIMITED,Hotel, Resort & Restaurants,Maharashtra,Mumbai,CARE,D  ,,Long Term,25
MATCH GRAPHICS PRIVATE LIMITED,Paper & Paper Products,Gujarat ,Ahmedabad,CARE,BBB /A3+  ,Stable,Unaccepted,26.09,06-Dec-20
ADORABLE COMMERCE PRIVATE LIMITED,Trading,West Bengal,Kolkata,CARE,A(CE)  ,Stable,Unaccepted,50,05-Dec-20
LORD KRISHNA FINANCIAL SERVICES LIMITED,Finance - NBFC,Delhi,New Delhi,CARE,B+  ,Stable,Unaccepted,15,05-Dec-20
FREDUN PHARMACEUTICALS LTD,Pharmaceuticals & Drugs,Maharashtra,Mumbai,Acuite (SMERA),BB+ /A4+  ,Stable,Unaccepted,32,04-Dec-20
INDOLINE INDUSTRIES PRIVATE LIMITED,Solvent  Extraction,Maharashtra,Mumbai,Acuite (SMERA),B /A4  ,Stable,Unaccepted,25,04-Dec-20
MONEY2ME FINANCE PRIVATE LIMITED,Finance - NBFC,Chandigarh,Chandigarh,Acuite (SMERA),BB  ,Stable,Unaccepted,37.5,04-Dec-20
Satvik Enterprises Limited,Metal - Ferrous,West Bengal,Kolkata,Acuite (SMERA),BB+ /A4+  ,Stable,Unaccepted,36,04-Dec-20
Shiv Sai Constructions Private Limited,Engineering - Construction,Maharashtra,Aurangabad,Acuite (SMERA),BB /A4+  ,Stable,Unaccepted,5.5,04-Dec-20
Swastik Constructions-Mumbai,Miscellaneous,Maharashtra, - ,Acuite (SMERA),BB+ /A4+  ,Stable,Unaccepted,10,04-Dec-20
WELSPUN FLOORING LIMITED,Household & Personal Products,Telangana,Hyderabad,Acuite (SMERA),A  ,Stable,Unaccepted,150,04-Dec-20
Millennium Automation Private Limited,Auto Ancillary,Delhi,New Delhi,CARE,BB+ /A4+  ,Stable,Unaccepted,50.7,04-Dec-20
Clean Switch India Private Limited,Renewable Energy,Telangana,Hyderabad,Acuite (SMERA),BB+ /A4+  ,Stable,Unaccepted,15,03-Dec-20
Great Eastern Infracon Private Limited,Metal - Non Ferrous,West Bengal,Kolkata,Acuite (SMERA),BB /A4+  ,Stable,Unaccepted,30,03-Dec-20
Nilkanth Mining Co.,Mining & Minerals,-, - ,Brickwork,BB+ /A4+  ,,Unaccepted,40,03-Dec-20
MAX BUPA HEALTH INSURANCE COMPANY LIMITED,Miscellaneous,Delhi,New Delhi,CARE,A-  ,Stable,Unaccepted,150,03-Dec-20
Swati Menthol and Allied Chemicals Limited,Chemicals,Uttar Pradesh,Kanpur,CARE,BBB  ,Stable,Unaccepted,25,03-Dec-20
VISHVARAJ ENVIRONMENT PRIVATE LIMITED,Services,Maharashtra,Mumbai,CARE,BB+(Credit Watch)/A4+(Credit Watch)  ,,Unaccepted,100.1,03-Dec-20
KHO KHO SPORTS LEAGUE PRIVATE LIMITED,Miscellaneous,Delhi,New Delhi,ICRA,BBB-  ,Stable,Unaccepted,14,03-Dec-20
Hemant Textile Company,Textile,-, - ,Brickwork,B+  ,,Unaccepted,16.5,02-Dec-20
Shivnath Automobiles Private Limited,Automobiles - Dealers & Distributors,Chhattisgarh,Raipur,Brickwork,BB  ,,Unaccepted,15.5,02-Dec-20
Singhi Infrapower Projects Private Limited,Cable,Assam ,Guwahati,Brickwork,BB- /A4  ,,Unaccepted,15.46,02-Dec-20
Tapati Enterprise,Engineering - Construction,-, - ,Brickwork,B+ /A4  ,,Unaccepted,22,02-Dec-20
NEERU MENTHOL PRIVATE LIMITED,Household & Personal Products,Uttar Pradesh,Rampur,CRISIL,BBB /A3+  ,Stable,Unaccepted,50,02-Dec-20
